<Moves>
    <attack id="Tackle">
        <damage>
            3
        </damage>
        <cooldown>
            0.5
        </cooldown>
        <energy>
            3
        </energy>
        <movetype>
            Normal
        </movetype>
    </attack>
    <attack id="Vine Whip">
        <damage>
            5
        </damage>
        <cooldown>
            0.6
        </cooldown>
        <energy>
            8
        </energy>
        <movetype>
            Grass
        </movetype>
    </attack>
    <attack id="Power Whip">
        <damage>
            90
        </damage>
        <cooldown>
            2.6
        </cooldown>
        <energy>
            -50
        </energy>
        <movetype>
            Grass
        </movetype>
    </attack>
    <attack id="Seed Bomb">
        <damage>
            55
        </damage>
        <cooldown>
            2.1
        </cooldown>
        <energy>
            -40
        </energy>
        <movetype>
            Grass
        </movetype>
    </attack>
    <attack id="Sludge Bomb">
        <damage>
            80
        </damage>
        <cooldown>
            2.3
        </cooldown>
        <energy>
            -50
        </energy>
        <movetype>
            Poison
        </movetype>
    </attack>
    <attack id="Razor Leaf">
        <damage>
            10
        </damage>
        <cooldown>
            1
        </cooldown>
        <energy>
            4
        </energy>
        <movetype>
            Grass
        </movetype>
    </attack>
    <attack id="Solar Beam">
        <damage>
            150
        </damage>
        <cooldown>
            4.9
        </cooldown>
        <energy>
            -80
        </energy>
        <movetype>
            Grass
        </movetype>
    </attack>
    <attack id="Petal Blizzard">
        <damage>
            110
        </damage>
        <cooldown>
            2.6
        </cooldown>
        <energy>
            -65
        </energy>
        <movetype>
            Grass
        </movetype>
    </attack>
    <attack id="Frenzy Plant">
        <damage>
            100
        </damage>
        <cooldown>
            2.6
        </cooldown>
        <energy>
            -45
        </energy>
        <movetype>
            Grass
        </movetype>
    </attack>
    <attack id="Ember">
        <damage>
            7
        </damage>
        <cooldown>
            1
        </cooldown>
        <energy>
            6
        </energy>
        <movetype>
            Fire
        </movetype>
    </attack>
    <attack id="Scratch">
        <damage>
            4
        </damage>
        <cooldown>
            0.5
        </cooldown>
        <energy>
            2
        </energy>
        <movetype>
            Normal
        </movetype>
    </attack>
    <attack id="Flame Burst">
        <damage>
            70
        </damage>
        <cooldown>
            2.6
        </cooldown>
        <energy>
            -55
        </energy>
        <movetype>
            Fire
        </movetype>
    </attack>
    <attack id="Flame Charge">
        <damage>
            65
        </damage>
        <cooldown>
            3.8
        </cooldown>
        <energy>
            -50
        </energy>
        <movetype>
            Fire
        </movetype>
    </attack>
    <attack id="Flamethrower">
        <damage>
            90
        </damage>
        <cooldown>
            2.2
        </cooldown>
        <energy>
            -55
        </energy>
        <movetype>
            Fire
        </movetype>
    </attack>
    <attack id="Fire Fang">
        <damage>
            8
        </damage>
        <cooldown>
            0.9
        </cooldown>
        <energy>
            5
        </energy>
        <movetype>
            Fire
        </movetype>
    </attack>
    <attack id="Fire Punch">
        <damage>
            55
        </damage>
        <cooldown>
            2.2
        </cooldown>
        <energy>
            -40
        </energy>
        <movetype>
            Fire
        </movetype>
    </attack>
    <attack id="Air Slash">
        <damage>
            9
        </damage>
        <cooldown>
            1.2
        </cooldown>
        <energy>
            9
        </energy>
        <movetype>
            Flying
        </movetype>
    </attack>
    <attack id="Fire Spin">
        <damage>
            9
        </damage>
        <cooldown>
            1.1
        </cooldown>
        <energy>
            10
        </energy>
        <movetype>
            Fire
        </movetype>
    </attack>
    <attack id="Dragon Breath">
        <damage>
            4
        </damage>
        <cooldown>
            0.5
        </cooldown>
        <energy>
            3
        </energy>
        <movetype>
            Dragon
        </movetype>
    </attack>
    <attack id="Wing Attack">
        <damage>
            5
        </damage>
        <cooldown>
            0.8
        </cooldown>
        <energy>
            8
        </energy>
        <movetype>
            Flying
        </movetype>
    </attack>
    <attack id="Dragon Claw">
        <damage>
            50
        </damage>
        <cooldown>
            1.7
        </cooldown>
        <energy>
            -35
        </energy>
        <movetype>
            Dragon
        </movetype>
    </attack>
    <attack id="Fire Blast">
        <damage>
            140
        </damage>
        <cooldown>
            4.2
        </cooldown>
        <energy>
            -80
        </energy>
        <movetype>
            Fire
        </movetype>
    </attack>
    <attack id="Overheat">
        <damage>
            130
        </damage>
        <cooldown>
            4
        </cooldown>
        <energy>
            -55
        </energy>
        <movetype>
            Fire
        </movetype>
    </attack>
    <attack id="Blast Burn">
        <damage>
            110
        </damage>
        <cooldown>
            3.3
        </cooldown>
        <energy>
            -50
        </energy>
        <movetype>
            Fire
        </movetype>
    </attack>
    <attack id="Bubble">
        <damage>
            7
        </damage>
        <cooldown>
            1.2
        </cooldown>
        <energy>
            11
        </energy>
        <movetype>
            Water
        </movetype>
    </attack>
    <attack id="Aqua Jet">
        <damage>
            45
        </damage>
        <cooldown>
            2.6
        </cooldown>
        <energy>
            -45
        </energy>
        <movetype>
            Water
        </movetype>
    </attack>
    <attack id="Aqua Tail">
        <damage>
            50
        </damage>
        <cooldown>
            1.9
        </cooldown>
        <energy>
            -35
        </energy>
        <movetype>
            Water
        </movetype>
    </attack>
    <attack id="Water Pulse">
        <damage>
            70
        </damage>
        <cooldown>
            3.2
        </cooldown>
        <energy>
            -60
        </energy>
        <movetype>
            Water
        </movetype>
    </attack>
    <attack id="Bite">
        <damage>
            4
        </damage>
        <cooldown>
            0.5
        </cooldown>
        <energy>
            2
        </energy>
        <movetype>
            Dark
        </movetype>
    </attack>
    <attack id="Water Gun">
        <damage>
            3
        </damage>
        <cooldown>
            0.5
        </cooldown>
        <energy>
            3
        </energy>
        <movetype>
            Water
        </movetype>
    </attack>
    <attack id="Hydro Pump">
        <damage>
            130
        </damage>
        <cooldown>
            3.3
        </cooldown>
        <energy>
            -75
        </energy>
        <movetype>
            Water
        </movetype>
    </attack>
    <attack id="Ice Beam">
        <damage>
            90
        </damage>
        <cooldown>
            3.3
        </cooldown>
        <energy>
            -55
        </energy>
        <movetype>
            Ice
        </movetype>
    </attack>
    <attack id="Flash Cannon">
        <damage>
            110
        </damage>
        <cooldown>
            2.7
        </cooldown>
        <energy>
            -70
        </energy>
        <movetype>
            Steel
        </movetype>
    </attack>
    <attack id="Skull Bash">
        <damage>
            130
        </damage>
        <cooldown>
            3.1
        </cooldown>
        <energy>
            -75
        </energy>
        <movetype>
            Normal
        </movetype>
    </attack>
    <attack id="Hydro Cannon">
        <damage>
            80
        </damage>
        <cooldown>
            1.9
        </cooldown>
        <energy>
            -40
        </energy>
        <movetype>
            Water
        </movetype>
    </attack>
    <attack id="Bug Bite">
        <damage>
            3
        </damage>
        <cooldown>
            0.5
        </cooldown>
        <energy>
            3
        </energy>
        <movetype>
            Bug
        </movetype>
    </attack>
    <attack id="Struggle">
        <damage>
            35
        </damage>
        <cooldown>
            2.2
        </cooldown>
        <energy>
            -100
        </energy>
        <movetype>
            Normal
        </movetype>
    </attack>
    <attack id="Confusion">
        <damage>
            16
        </damage>
        <cooldown>
            1.6
        </cooldown>
        <energy>
            12
        </energy>
        <movetype>
            Psychic
        </movetype>
    </attack>
    <attack id="Struggle Bug">
        <damage>
            9
        </damage>
        <cooldown>
            1.5
        </cooldown>
        <energy>
            8
        </energy>
        <movetype>
            Bug
        </movetype>
    </attack>
    <attack id="Bug Buzz">
        <damage>
            100
        </damage>
        <cooldown>
            3.7
        </cooldown>
        <energy>
            -60
        </energy>
        <movetype>
            Bug
        </movetype>
    </attack>
    <attack id="Psychic">
        <damage>
            90
        </damage>
        <cooldown>
            2.8
        </cooldown>
        <energy>
            -55
        </energy>
        <movetype>
            Psychic
        </movetype>
    </attack>
    <attack id="Signal Beam">
        <damage>
            75
        </damage>
        <cooldown>
            2.9
        </cooldown>
        <energy>
            -55
        </energy>
        <movetype>
            Bug
        </movetype>
    </attack>
    <attack id="Poison Sting">
        <damage>
            3
        </damage>
        <cooldown>
            0.6
        </cooldown>
        <energy>
            9
        </energy>
        <movetype>
            Poison
        </movetype>
    </attack>
    <attack id="Infestation">
        <damage>
            6
        </damage>
        <cooldown>
            1.1
        </cooldown>
        <energy>
            12
        </energy>
        <movetype>
            Bug
        </movetype>
    </attack>
    <attack id="Poison Jab">
        <damage>
            7
        </damage>
        <cooldown>
            0.8
        </cooldown>
        <energy>
            7
        </energy>
        <movetype>
            Poison
        </movetype>
    </attack>
    <attack id="Aerial Ace">
        <damage>
            55
        </damage>
        <cooldown>
            2.4
        </cooldown>
        <energy>
            -45
        </energy>
        <movetype>
            Flying
        </movetype>
    </attack>
    <attack id="Fell Stinger">
        <damage>
            20
        </damage>
        <cooldown>
            2.2
        </cooldown>
        <energy>
            -35
        </energy>
        <movetype>
            Bug
        </movetype>
    </attack>
    <attack id="X-Scissor">
        <damage>
            45
        </damage>
        <cooldown>
            1.6
        </cooldown>
        <energy>
            -35
        </energy>
        <movetype>
            Bug
        </movetype>
    </attack>
    <attack id="Drill Run">
        <damage>
            80
        </damage>
        <cooldown>
            2.8
        </cooldown>
        <energy>
            -45
        </energy>
        <movetype>
            Ground
        </movetype>
    </attack>
    <attack id="Quick Attack">
        <damage>
            5
        </damage>
        <cooldown>
            0.8
        </cooldown>
        <energy>
            8
        </energy>
        <movetype>
            Normal
        </movetype>
    </attack>
    <attack id="Air Cutter">
        <damage>
            60
        </damage>
        <cooldown>
            2.7
        </cooldown>
        <energy>
            -55
        </energy>
        <movetype>
            Flying
        </movetype>
    </attack>
    <attack id="Twister">
        <damage>
            45
        </damage>
        <cooldown>
            2.8
        </cooldown>
        <energy>
            -45
        </energy>
        <movetype>
            Dragon
        </movetype>
    </attack>
    <attack id="Steel Wing">
        <damage>
            7
        </damage>
        <cooldown>
            0.8
        </cooldown>
        <energy>
            5
        </energy>
        <movetype>
            Steel
        </movetype>
    </attack>
    <attack id="Gust">
        <damage>
            16
        </damage>
        <cooldown>
            2
        </cooldown>
        <energy>
            12
        </energy>
        <movetype>
            Flying
        </movetype>
    </attack>
    <attack id="Brave Bird">
        <damage>
            130
        </damage>
        <cooldown>
            2
        </cooldown>
        <energy>
            -55
        </energy>
        <movetype>
            Flying
        </movetype>
    </attack>
    <attack id="Feather Dance">
        <damage>
            35
        </damage>
        <cooldown>
            2.8
        </cooldown>
        <energy>
            -50
        </energy>
        <movetype>
            Flying
        </movetype>
    </attack>
    <attack id="Hurricane">
        <damage>
            110
        </damage>
        <cooldown>
            2.7
        </cooldown>
        <energy>
            -65
        </energy>
        <movetype>
            Flying
        </movetype>
    </attack>
    <attack id="Body Slam">
        <damage>
            60
        </damage>
        <cooldown>
            1.9
        </cooldown>
        <energy>
            -35
        </energy>
        <movetype>
            Normal
        </movetype>
    </attack>
    <attack id="Dig">
        <damage>
            100
        </damage>
        <cooldown>
            4.7
        </cooldown>
        <energy>
            -80
        </energy>
        <movetype>
            Ground
        </movetype>
    </attack>
    <attack id="Hyper Fang">
        <damage>
            80
        </damage>
        <cooldown>
            2.5
        </cooldown>
        <energy>
            -50
        </energy>
        <movetype>
            Normal
        </movetype>
    </attack>
    <attack id="Crunch">
        <damage>
            70
        </damage>
        <cooldown>
            3.2
        </cooldown>
        <energy>
            -45
        </energy>
        <movetype>
            Dark
        </movetype>
    </attack>
    <attack id="Shadow Ball">
        <damage>
            100
        </damage>
        <cooldown>
            3
        </cooldown>
        <energy>
            -55
        </energy>
        <movetype>
            Ghost
        </movetype>
    </attack>
    <attack id="Hyper Beam">
        <damage>
            150
        </damage>
        <cooldown>
            3.8
        </cooldown>
        <energy>
            -80
        </energy>
        <movetype>
            Normal
        </movetype>
    </attack>
    <attack id="Peck">
        <damage>
            6
        </damage>
        <cooldown>
            1
        </cooldown>
        <energy>
            5
        </energy>
        <movetype>
            Flying
        </movetype>
    </attack>
    <attack id="Drill Peck">
        <damage>
            65
        </damage>
        <cooldown>
            2.3
        </cooldown>
        <energy>
            -40
        </energy>
        <movetype>
            Flying
        </movetype>
    </attack>
    <attack id="Sky Attack">
        <damage>
            75
        </damage>
        <cooldown>
            2
        </cooldown>
        <energy>
            -45
        </energy>
        <movetype>
            Flying
        </movetype>
    </attack>
    <attack id="Acid">
        <damage>
            6
        </damage>
        <cooldown>
            0.8
        </cooldown>
        <energy>
            5
        </energy>
        <movetype>
            Poison
        </movetype>
    </attack>
    <attack id="Poison Fang">
        <damage>
            40
        </damage>
        <cooldown>
            1.7
        </cooldown>
        <energy>
            -40
        </energy>
        <movetype>
            Poison
        </movetype>
    </attack>
    <attack id="Wrap">
        <damage>
            60
        </damage>
        <cooldown>
            2.9
        </cooldown>
        <energy>
            -45
        </energy>
        <movetype>
            Normal
        </movetype>
    </attack>
    <attack id="Gunk Shot">
        <damage>
            130
        </damage>
        <cooldown>
            3.1
        </cooldown>
        <energy>
            -75
        </energy>
        <movetype>
            Poison
        </movetype>
    </attack>
    <attack id="Dragon Tail">
        <damage>
            13
        </damage>
        <cooldown>
            1.1
        </cooldown>
        <energy>
            9
        </energy>
        <movetype>
            Dragon
        </movetype>
    </attack>
    <attack id="Acid Spray">
        <damage>
            20
        </damage>
        <cooldown>
            3
        </cooldown>
        <energy>
            -45
        </energy>
        <movetype>
            Poison
        </movetype>
    </attack>
    <attack id="Dark Pulse">
        <damage>
            80
        </damage>
        <cooldown>
            3
        </cooldown>
        <energy>
            -50
        </energy>
        <movetype>
            Dark
        </movetype>
    </attack>
    <attack id="Sludge Wave">
        <damage>
            110
        </damage>
        <cooldown>
            3.2
        </cooldown>
        <energy>
            -65
        </energy>
        <movetype>
            Poison
        </movetype>
    </attack>
    <attack id="Thunder Shock">
        <damage>
            3
        </damage>
        <cooldown>
            0.6
        </cooldown>
        <energy>
            9
        </energy>
        <movetype>
            Electric
        </movetype>
    </attack>
    <attack id="Present">
        <damage>
            3
        </damage>
        <cooldown>
            1.3
        </cooldown>
        <energy>
            12
        </energy>
        <movetype>
            Normal
        </movetype>
    </attack>
    <attack id="Discharge">
        <damage>
            65
        </damage>
        <cooldown>
            2.5
        </cooldown>
        <energy>
            -45
        </energy>
        <movetype>
            Electric
        </movetype>
    </attack>
    <attack id="Thunderbolt">
        <damage>
            90
        </damage>
        <cooldown>
            2.5
        </cooldown>
        <energy>
            -55
        </energy>
        <movetype>
            Electric
        </movetype>
    </attack>
    <attack id="Wild Charge">
        <damage>
            100
        </damage>
        <cooldown>
            2.6
        </cooldown>
        <energy>
            -45
        </energy>
        <movetype>
            Electric
        </movetype>
    </attack>
    <attack id="Grass Knot">
        <damage>
            90
        </damage>
        <cooldown>
            2.6
        </cooldown>
        <energy>
            -50
        </energy>
        <movetype>
            Grass
        </movetype>
    </attack>
    <attack id="Surf">
        <damage>
            65
        </damage>
        <cooldown>
            1.7
        </cooldown>
        <energy>
            -40
        </energy>
        <movetype>
            Water
        </movetype>
    </attack>
    <attack id="Thunder">
        <damage>
            100
        </damage>
        <cooldown>
            2.4
        </cooldown>
        <energy>
            -60
        </energy>
        <movetype>
            Electric
        </movetype>
    </attack>
    <attack id="Fly">
        <damage>
            80
        </damage>
        <cooldown>
            1.8
        </cooldown>
        <energy>
            -45
        </energy>
        <movetype>
            Flying
        </movetype>
    </attack>
    <attack id="Charm">
        <damage>
            15
        </damage>
        <cooldown>
            1.5
        </cooldown>
        <energy>
            6
        </energy>
        <movetype>
            Fairy
        </movetype>
    </attack>
    <attack id="Flying Press">
        <damage>
            90
        </damage>
        <cooldown>
            2.3
        </cooldown>
        <energy>
            -40
        </energy>
        <movetype>
            Fighting
        </movetype>
    </attack>
    <attack id="Play Rough">
        <damage>
            90
        </damage>
        <cooldown>
            2.9
        </cooldown>
        <energy>
            -60
        </energy>
        <movetype>
            Fairy
        </movetype>
    </attack>
    <attack id="Thunder Punch">
        <damage>
            55
        </damage>
        <cooldown>
            1.8
        </cooldown>
        <energy>
            -40
        </energy>
        <movetype>
            Electric
        </movetype>
    </attack>
    <attack id="Draining Kiss">
        <damage>
            60
        </damage>
        <cooldown>
            2.6
        </cooldown>
        <energy>
            -55
        </energy>
        <movetype>
            Fairy
        </movetype>
    </attack>
    <attack id="Meteor Mash">
        <damage>
            100
        </damage>
        <cooldown>
            2.6
        </cooldown>
        <energy>
            -50
        </energy>
        <movetype>
            Steel
        </movetype>
    </attack>
    <attack id="Spark">
        <damage>
            4
        </damage>
        <cooldown>
            0.7
        </cooldown>
        <energy>
            8
        </energy>
        <movetype>
            Electric
        </movetype>
    </attack>
    <attack id="Volt Switch">
        <damage>
            12
        </damage>
        <cooldown>
            1.6
        </cooldown>
        <energy>
            16
        </energy>
        <movetype>
            Electric
        </movetype>
    </attack>
    <attack id="Brick Break">
        <damage>
            40
        </damage>
        <cooldown>
            1.6
        </cooldown>
        <energy>
            -35
        </energy>
        <movetype>
            Fighting
        </movetype>
    </attack>
    <attack id="Mud Shot">
        <damage>
            3
        </damage>
        <cooldown>
            0.6
        </cooldown>
        <energy>
            9
        </energy>
        <movetype>
            Ground
        </movetype>
    </attack>
    <attack id="Rock Slide">
        <damage>
            75
        </damage>
        <cooldown>
            2.7
        </cooldown>
        <energy>
            -45
        </energy>
        <movetype>
            Rock
        </movetype>
    </attack>
    <attack id="Sand Tomb">
        <damage>
            25
        </damage>
        <cooldown>
            4
        </cooldown>
        <energy>
            -40
        </energy>
        <movetype>
            Ground
        </movetype>
    </attack>
    <attack id="Rock Tomb">
        <damage>
            70
        </damage>
        <cooldown>
            3.2
        </cooldown>
        <energy>
            -60
        </energy>
        <movetype>
            Rock
        </movetype>
    </attack>
    <attack id="Metal Claw">
        <damage>
            5
        </damage>
        <cooldown>
            0.7
        </cooldown>
        <energy>
            6
        </energy>
        <movetype>
            Steel
        </movetype>
    </attack>
    <attack id="Powder Snow">
        <damage>
            5
        </damage>
        <cooldown>
            1
        </cooldown>
        <energy>
            8
        </energy>
        <movetype>
            Ice
        </movetype>
    </attack>
    <attack id="Blizzard">
        <damage>
            140
        </damage>
        <cooldown>
            3.1
        </cooldown>
        <energy>
            -75
        </energy>
        <movetype>
            Ice
        </movetype>
    </attack>
    <attack id="Gyro Ball">
        <damage>
            80
        </damage>
        <cooldown>
            3.3
        </cooldown>
        <energy>
            -60
        </energy>
        <movetype>
            Steel
        </movetype>
    </attack>
    <attack id="Night Slash">
        <damage>
            50
        </damage>
        <cooldown>
            2.2
        </cooldown>
        <energy>
            -35
        </energy>
        <movetype>
            Dark
        </movetype>
    </attack>
    <attack id="Bulldoze">
        <damage>
            80
        </damage>
        <cooldown>
            3.5
        </cooldown>
        <energy>
            -60
        </energy>
        <movetype>
            Ground
        </movetype>
    </attack>
    <attack id="Earthquake">
        <damage>
            120
        </damage>
        <cooldown>
            3.6
        </cooldown>
        <energy>
            -65
        </energy>
        <movetype>
            Ground
        </movetype>
    </attack>
    <attack id="Shadow Claw">
        <damage>
            6
        </damage>
        <cooldown>
            0.7
        </cooldown>
        <energy>
            8
        </energy>
        <movetype>
            Ghost
        </movetype>
    </attack>
    <attack id="Ice Punch">
        <damage>
            55
        </damage>
        <cooldown>
            1.9
        </cooldown>
        <energy>
            -40
        </energy>
        <movetype>
            Ice
        </movetype>
    </attack>
    <attack id="Earth Power">
        <damage>
            90
        </damage>
        <cooldown>
            3.6
        </cooldown>
        <energy>
            -55
        </energy>
        <movetype>
            Ground
        </movetype>
    </attack>
    <attack id="Stone Edge">
        <damage>
            100
        </damage>
        <cooldown>
            2.3
        </cooldown>
        <energy>
            -55
        </energy>
        <movetype>
            Rock
        </movetype>
    </attack>
    <attack id="Horn Attack">
        <damage>
            40
        </damage>
        <cooldown>
            1.85
        </cooldown>
        <energy>
            -35
        </energy>
        <movetype>
            Normal
        </movetype>
    </attack>
    <attack id="Double Kick">
        <damage>
            8
        </damage>
        <cooldown>
            1
        </cooldown>
        <energy>
            12
        </energy>
        <movetype>
            Fighting
        </movetype>
    </attack>
    <attack id="Iron Tail">
        <damage>
            9
        </damage>
        <cooldown>
            1.1
        </cooldown>
        <energy>
            6
        </energy>
        <movetype>
            Steel
        </movetype>
    </attack>
    <attack id="Fury Cutter">
        <damage>
            2
        </damage>
        <cooldown>
            0.4
        </cooldown>
        <energy>
            4
        </energy>
        <movetype>
            Bug
        </movetype>
    </attack>
    <attack id="Megahorn">
        <damage>
            110
        </damage>
        <cooldown>
            2.2
        </cooldown>
        <energy>
            -55
        </energy>
        <movetype>
            Bug
        </movetype>
    </attack>
    <attack id="Pound">
        <damage>
            4
        </damage>
        <cooldown>
            0.6
        </cooldown>
        <energy>
            4
        </energy>
        <movetype>
            Normal
        </movetype>
    </attack>
    <attack id="Zen Headbutt">
        <damage>
            8
        </damage>
        <cooldown>
            1.1
        </cooldown>
        <energy>
            6
        </energy>
        <movetype>
            Psychic
        </movetype>
    </attack>
    <attack id="Disarming Voice">
        <damage>
            70
        </damage>
        <cooldown>
            3.9
        </cooldown>
        <energy>
            -45
        </energy>
        <movetype>
            Fairy
        </movetype>
    </attack>
    <attack id="Moonblast">
        <damage>
            110
        </damage>
        <cooldown>
            3.9
        </cooldown>
        <energy>
            -60
        </energy>
        <movetype>
            Fairy
        </movetype>
    </attack>
    <attack id="Charge Beam">
        <damage>
            5
        </damage>
        <cooldown>
            1.1
        </cooldown>
        <energy>
            11
        </energy>
        <movetype>
            Electric
        </movetype>
    </attack>
    <attack id="Dazzling Gleam">
        <damage>
            110
        </damage>
        <cooldown>
            3.5
        </cooldown>
        <energy>
            -70
        </energy>
        <movetype>
            Fairy
        </movetype>
    </attack>
    <attack id="Weather Ball">
        <damage>
            55
        </damage>
        <cooldown>
            1.6
        </cooldown>
        <energy>
            -35
        </energy>
        <movetype>
            Normal
        </movetype>
    </attack>
    <attack id="Feint Attack">
        <damage>
            6
        </damage>
        <cooldown>
            0.9
        </cooldown>
        <energy>
            6
        </energy>
        <movetype>
            Dark
        </movetype>
    </attack>
    <attack id="Heat Wave">
        <damage>
            95
        </damage>
        <cooldown>
            3
        </cooldown>
        <energy>
            -75
        </energy>
        <movetype>
            Fire
        </movetype>
    </attack>
    <attack id="Psyshock">
        <damage>
            70
        </damage>
        <cooldown>
            2.7
        </cooldown>
        <energy>
            -45
        </energy>
        <movetype>
            Psychic
        </movetype>
    </attack>
    <attack id="Swift">
        <damage>
            60
        </damage>
        <cooldown>
            2.8
        </cooldown>
        <energy>
            -55
        </energy>
        <movetype>
            Normal
        </movetype>
    </attack>
    <attack id="Ominous Wind">
        <damage>
            45
        </damage>
        <cooldown>
            2.3
        </cooldown>
        <energy>
            -45
        </energy>
        <movetype>
            Ghost
        </movetype>
    </attack>
    <attack id="Cross Poison">
        <damage>
            50
        </damage>
        <cooldown>
            1.5
        </cooldown>
        <energy>
            -35
        </energy>
        <movetype>
            Poison
        </movetype>
    </attack>
    <attack id="Psybeam">
        <damage>
            70
        </damage>
        <cooldown>
            3.2
        </cooldown>
        <energy>
            -60
        </energy>
        <movetype>
            Psychic
        </movetype>
    </attack>
    <attack id="Silver Wind">
        <damage>
            60
        </damage>
        <cooldown>
            3.7
        </cooldown>
        <energy>
            -45
        </energy>
        <movetype>
            Bug
        </movetype>
    </attack>
    <attack id="Mud-Slap">
        <damage>
            11
        </damage>
        <cooldown>
            1.4
        </cooldown>
        <energy>
            8
        </energy>
        <movetype>
            Ground
        </movetype>
    </attack>
    <attack id="Mud Bomb">
        <damage>
            55
        </damage>
        <cooldown>
            2.3
        </cooldown>
        <energy>
            -40
        </energy>
        <movetype>
            Ground
        </movetype>
    </attack>
    <attack id="Sucker Punch">
        <damage>
            5
        </damage>
        <cooldown>
            0.7
        </cooldown>
        <energy>
            7
        </energy>
        <movetype>
            Dark
        </movetype>
    </attack>
    <attack id="Iron Head">
        <damage>
            70
        </damage>
        <cooldown>
            1.9
        </cooldown>
        <energy>
            -50
        </energy>
        <movetype>
            Steel
        </movetype>
    </attack>
    <attack id="Foul Play">
        <damage>
            70
        </damage>
        <cooldown>
            2
        </cooldown>
        <energy>
            -45
        </energy>
        <movetype>
            Dark
        </movetype>
    </attack>
    <attack id="Payback">
        <damage>
            110
        </damage>
        <cooldown>
            2.2
        </cooldown>
        <energy>
            -60
        </energy>
        <movetype>
            Dark
        </movetype>
    </attack>
    <attack id="Power Gem">
        <damage>
            80
        </damage>
        <cooldown>
            2.9
        </cooldown>
        <energy>
            -60
        </energy>
        <movetype>
            Rock
        </movetype>
    </attack>
    <attack id="Cross Chop">
        <damage>
            50
        </damage>
        <cooldown>
            1.5
        </cooldown>
        <energy>
            -35
        </energy>
        <movetype>
            Fighting
        </movetype>
    </attack>
    <attack id="Bubble Beam">
        <damage>
            25
        </damage>
        <cooldown>
            1.9
        </cooldown>
        <energy>
            -40
        </energy>
        <movetype>
            Water
        </movetype>
    </attack>
    <attack id="Synchronoise">
        <damage>
            80
        </damage>
        <cooldown>
            2.6
        </cooldown>
        <energy>
            -50
        </energy>
        <movetype>
            Psychic
        </movetype>
    </attack>
    <attack id="Karate Chop">
        <damage>
            5
        </damage>
        <cooldown>
            0.8
        </cooldown>
        <energy>
            8
        </energy>
        <movetype>
            Fighting
        </movetype>
    </attack>
    <attack id="Low Sweep">
        <damage>
            40
        </damage>
        <cooldown>
            1.9
        </cooldown>
        <energy>
            -40
        </energy>
        <movetype>
            Fighting
        </movetype>
    </attack>
    <attack id="Counter">
        <damage>
            8
        </damage>
        <cooldown>
            0.9
        </cooldown>
        <energy>
            7
        </energy>
        <movetype>
            Fighting
        </movetype>
    </attack>
    <attack id="Low Kick">
        <damage>
            4
        </damage>
        <cooldown>
            0.6
        </cooldown>
        <energy>
            5
        </energy>
        <movetype>
            Fighting
        </movetype>
    </attack>
    <attack id="Close Combat">
        <damage>
            100
        </damage>
        <cooldown>
            2.3
        </cooldown>
        <energy>
            -45
        </energy>
        <movetype>
            Fighting
        </movetype>
    </attack>
    <attack id="Flame Wheel">
        <damage>
            60
        </damage>
        <cooldown>
            2.7
        </cooldown>
        <energy>
            -55
        </energy>
        <movetype>
            Fire
        </movetype>
    </attack>
    <attack id="Snarl">
        <damage>
            5
        </damage>
        <cooldown>
            1.1
        </cooldown>
        <energy>
            13
        </energy>
        <movetype>
            Dark
        </movetype>
    </attack>
    <attack id="Thunder Fang">
        <damage>
            8
        </damage>
        <cooldown>
            1.2
        </cooldown>
        <energy>
            5
        </energy>
        <movetype>
            Electric
        </movetype>
    </attack>
    <attack id="Psychic Fangs">
        <damage>
            40
        </damage>
        <cooldown>
            1.2
        </cooldown>
        <energy>
            -35
        </energy>
        <movetype>
            Psychic
        </movetype>
    </attack>
    <attack id="Rock Smash">
        <damage>
            9
        </damage>
        <cooldown>
            1.3
        </cooldown>
        <energy>
            7
        </energy>
        <movetype>
            Fighting
        </movetype>
    </attack>
    <attack id="Scald">
        <damage>
            80
        </damage>
        <cooldown>
            3.7
        </cooldown>
        <energy>
            -50
        </energy>
        <movetype>
            Water
        </movetype>
    </attack>
    <attack id="Dynamic Punch">
        <damage>
            90
        </damage>
        <cooldown>
            2.7
        </cooldown>
        <energy>
            -50
        </energy>
        <movetype>
            Fighting
        </movetype>
    </attack>
    <attack id="Power-Up Punch">
        <damage>
            20
        </damage>
        <cooldown>
            2
        </cooldown>
        <energy>
            -35
        </energy>
        <movetype>
            Fighting
        </movetype>
    </attack>
    <attack id="Submission">
        <damage>
            60
        </damage>
        <cooldown>
            2.2
        </cooldown>
        <energy>
            -50
        </energy>
        <movetype>
            Fighting
        </movetype>
    </attack>
    <attack id="Psycho Cut">
        <damage>
            3
        </damage>
        <cooldown>
            0.6
        </cooldown>
        <energy>
            9
        </energy>
        <movetype>
            Psychic
        </movetype>
    </attack>
    <attack id="Focus Blast">
        <damage>
            150
        </damage>
        <cooldown>
            3.5
        </cooldown>
        <energy>
            -75
        </energy>
        <movetype>
            Fighting
        </movetype>
    </attack>
    <attack id="Future Sight">
        <damage>
            120
        </damage>
        <cooldown>
            2.7
        </cooldown>
        <energy>
            -65
        </energy>
        <movetype>
            Psychic
        </movetype>
    </attack>
    <attack id="Bullet Punch">
        <damage>
            6
        </damage>
        <cooldown>
            0.9
        </cooldown>
        <energy>
            7
        </energy>
        <movetype>
            Steel
        </movetype>
    </attack>
    <attack id="Heavy Slam">
        <damage>
            70
        </damage>
        <cooldown>
            2.1
        </cooldown>
        <energy>
            -50
        </energy>
        <movetype>
            Steel
        </movetype>
    </attack>
    <attack id="Bullet Seed">
        <damage>
            5
        </damage>
        <cooldown>
            1.1
        </cooldown>
        <energy>
            13
        </energy>
        <movetype>
            Grass
        </movetype>
    </attack>
    <attack id="Leaf Blade">
        <damage>
            70
        </damage>
        <cooldown>
            2.4
        </cooldown>
        <energy>
            -35
        </energy>
        <movetype>
            Grass
        </movetype>
    </attack>
    <attack id="Leaf Tornado">
        <damage>
            45
        </damage>
        <cooldown>
            3.1
        </cooldown>
        <energy>
            -40
        </energy>
        <movetype>
            Grass
        </movetype>
    </attack>
    <attack id="Rock Throw">
        <damage>
            8
        </damage>
        <cooldown>
            0.9
        </cooldown>
        <energy>
            5
        </energy>
        <movetype>
            Rock
        </movetype>
    </attack>
    <attack id="Rock Blast">
        <damage>
            50
        </damage>
        <cooldown>
            2.1
        </cooldown>
        <energy>
            -40
        </energy>
        <movetype>
            Rock
        </movetype>
    </attack>
    <attack id="Ancient Power">
        <damage>
            60
        </damage>
        <cooldown>
            3.5
        </cooldown>
        <energy>
            -45
        </energy>
        <movetype>
            Rock
        </movetype>
    </attack>
    <attack id="Rollout">
        <damage>
            4
        </damage>
        <cooldown>
            1.4
        </cooldown>
        <energy>
            13
        </energy>
        <movetype>
            Rock
        </movetype>
    </attack>
    <attack id="Stomp">
        <damage>
            55
        </damage>
        <cooldown>
            1.7
        </cooldown>
        <energy>
            -40
        </energy>
        <movetype>
            Normal
        </movetype>
    </attack>
    <attack id="Incinerate">
        <damage>
            15
        </damage>
        <cooldown>
            2.3
        </cooldown>
        <energy>
            20
        </energy>
        <movetype>
            Fire
        </movetype>
    </attack>
    <attack id="Fairy Wind">
        <damage>
            3
        </damage>
        <cooldown>
            0.97
        </cooldown>
        <energy>
            9
        </energy>
        <movetype>
            Fairy
        </movetype>
    </attack>
    <attack id="High Horsepower">
        <damage>
            100
        </damage>
        <cooldown>
            1.6
        </cooldown>
        <energy>
            -60
        </energy>
        <movetype>
            Ground
        </movetype>
    </attack>
    <attack id="Magnet Bomb">
        <damage>
            70
        </damage>
        <cooldown>
            2.8
        </cooldown>
        <energy>
            -45
        </energy>
        <movetype>
            Steel
        </movetype>
    </attack>
    <attack id="Zap Cannon">
        <damage>
            150
        </damage>
        <cooldown>
            3.7
        </cooldown>
        <energy>
            -80
        </energy>
        <movetype>
            Electric
        </movetype>
    </attack>
    <attack id="Cut">
        <damage>
            3
        </damage>
        <cooldown>
            0.5
        </cooldown>
        <energy>
            2
        </energy>
        <movetype>
            Normal
        </movetype>
    </attack>
    <attack id="Ice Shard">
        <damage>
            9
        </damage>
        <cooldown>
            1.2
        </cooldown>
        <energy>
            10
        </energy>
        <movetype>
            Ice
        </movetype>
    </attack>
    <attack id="Lick">
        <damage>
            3
        </damage>
        <cooldown>
            0.5
        </cooldown>
        <energy>
            3
        </energy>
        <movetype>
            Ghost
        </movetype>
    </attack>
    <attack id="Aurora Beam">
        <damage>
            80
        </damage>
        <cooldown>
            3.55
        </cooldown>
        <energy>
            -60
        </energy>
        <movetype>
            Ice
        </movetype>
    </attack>
    <attack id="Icy Wind">
        <damage>
            60
        </damage>
        <cooldown>
            3.3
        </cooldown>
        <energy>
            -45
        </energy>
        <movetype>
            Ice
        </movetype>
    </attack>
    <attack id="Frost Breath">
        <damage>
            7
        </damage>
        <cooldown>
            0.9
        </cooldown>
        <energy>
            5
        </energy>
        <movetype>
            Ice
        </movetype>
    </attack>
    <attack id="Sludge">
        <damage>
            50
        </damage>
        <cooldown>
            2.1
        </cooldown>
        <energy>
            -40
        </energy>
        <movetype>
            Poison
        </movetype>
    </attack>
    <attack id="Avalanche">
        <damage>
            90
        </damage>
        <cooldown>
            2.7
        </cooldown>
        <energy>
            -45
        </energy>
        <movetype>
            Ice
        </movetype>
    </attack>
    <attack id="Astonish">
        <damage>
            5
        </damage>
        <cooldown>
            1.1
        </cooldown>
        <energy>
            9
        </energy>
        <movetype>
            Ghost
        </movetype>
    </attack>
    <attack id="Night Shade">
        <damage>
            60
        </damage>
        <cooldown>
            2.6
        </cooldown>
        <energy>
            -55
        </energy>
        <movetype>
            Ghost
        </movetype>
    </attack>
    <attack id="Shadow Punch">
        <damage>
            40
        </damage>
        <cooldown>
            1.7
        </cooldown>
        <energy>
            -35
        </energy>
        <movetype>
            Ghost
        </movetype>
    </attack>
    <attack id="Hex">
        <damage>
            6
        </damage>
        <cooldown>
            1.2
        </cooldown>
        <energy>
            12
        </energy>
        <movetype>
            Ghost
        </movetype>
    </attack>
    <attack id="Vise Grip">
        <damage>
            40
        </damage>
        <cooldown>
            1.9
        </cooldown>
        <energy>
            -40
        </energy>
        <movetype>
            Normal
        </movetype>
    </attack>
    <attack id="Crabhammer">
        <damage>
            85
        </damage>
        <cooldown>
            1.9
        </cooldown>
        <energy>
            -50
        </energy>
        <movetype>
            Water
        </movetype>
    </attack>
    <attack id="Energy Ball">
        <damage>
            90
        </damage>
        <cooldown>
            3.9
        </cooldown>
        <energy>
            -55
        </energy>
        <movetype>
            Grass
        </movetype>
    </attack>
    <attack id="Extrasensory">
        <damage>
            8
        </damage>
        <cooldown>
            1.1
        </cooldown>
        <energy>
            10
        </energy>
        <movetype>
            Psychic
        </movetype>
    </attack>
    <attack id="Dragon Pulse">
        <damage>
            90
        </damage>
        <cooldown>
            3.6
        </cooldown>
        <energy>
            -60
        </energy>
        <movetype>
            Dragon
        </movetype>
    </attack>
    <attack id="Draco Meteor">
        <damage>
            150
        </damage>
        <cooldown>
            3.6
        </cooldown>
        <energy>
            -65
        </energy>
        <movetype>
            Dragon
        </movetype>
    </attack>
    <attack id="Bone Club">
        <damage>
            40
        </damage>
        <cooldown>
            1.6
        </cooldown>
        <energy>
            -35
        </energy>
        <movetype>
            Ground
        </movetype>
    </attack>
    <attack id="Shadow Bone">
        <damage>
            75
        </damage>
        <cooldown>
            2.8
        </cooldown>
        <energy>
            -45
        </energy>
        <movetype>
            Ghost
        </movetype>
    </attack>
    <attack id="Brutal Swing">
        <damage>
            65
        </damage>
        <cooldown>
            1.9
        </cooldown>
        <energy>
            -40
        </energy>
        <movetype>
            Dark
        </movetype>
    </attack>
    <attack id="Outrage">
        <damage>
            110
        </damage>
        <cooldown>
            3.9
        </cooldown>
        <energy>
            -60
        </energy>
        <movetype>
            Dragon
        </movetype>
    </attack>
    <attack id="Waterfall">
        <damage>
            12
        </damage>
        <cooldown>
            1.2
        </cooldown>
        <energy>
            8
        </energy>
        <movetype>
            Water
        </movetype>
    </attack>
    <attack id="Hidden Power">
        <damage>
            9
        </damage>
        <cooldown>
            1.5
        </cooldown>
        <energy>
            8
        </energy>
        <movetype>
            Normal
        </movetype>
    </attack>
    <attack id="Superpower">
        <damage>
            85
        </damage>
        <cooldown>
            3
        </cooldown>
        <energy>
            -40
        </energy>
        <movetype>
            Fighting
        </movetype>
    </attack>
    <attack id="Splash"></attack>
    <attack id="Transform"></attack>
    <attack id="Last Resort">
        <damage>
            90
        </damage>
        <cooldown>
            2.9
        </cooldown>
        <energy>
            -55
        </energy>
        <movetype>
            Normal
        </movetype>
    </attack>
    <attack id="Brine">
        <damage>
            60
        </damage>
        <cooldown>
            2.3
        </cooldown>
        <energy>
            -50
        </energy>
        <movetype>
            Water
        </movetype>
    </attack>
    <attack id="Yawn"></attack>
    <attack id="Psystrike">
        <damage>
            90
        </damage>
        <cooldown>
            2.3
        </cooldown>
        <energy>
            -45
        </energy>
        <movetype>
            Psychic
        </movetype>
    </attack>
</Moves>